X,Y,Target
-27.319973,19.28551,1
-18.050123,-34.956245,1
6.973186,-16.802814,1
-8.760523,-40.723125,1
7.0313606,-17.049011,1
6.057826,-9.133038,1
-0.881421,1.7886285,1
14.292142,1.2534252,1
6.7054186,-7.9733615,1
-23.227789,-35.81008,1
-21.297253,-24.810036,1
56.01699,26.645782,1
22.562223,32.939323,1
39.200005,-24.336842,1
6.9266148,-9.580456,1
-27.536238,20.043543,1
-19.064505,-32.52515,1
22.562223,32.939323,1
5.2354546,-23.97341,1
42.63855,-10.868372,1
42.90659,-6.450897,1
-7.5279045,-41.994198,1
-1.3150012,2.1450002,1
-7.5464005,-41.445488,1
20.293083,7.745307,1
23.10051,36.00154,1
5.003555,-10.79609,1
-15.985064,-31.84517,1
40.738426,-20.334253,1
-27.16467,15.297249,0
-6.8880644,31.782751,1
-4.8679676,2.9348204,1
40.738426,-20.334253,1
1.7266155,18.882235,1
-4.081557,5.323826,1
41.06409,-20.930996,1
-25.4357,22.106491,1
47.047028,-6.4975443,1
6.5054245,-20.440243,1
-6.204461,-44.536953,1
41.93933,-6.613282,1
20.293095,7.7457047,1
35.302002,-23.307709,1
41.93933,-6.613282,1
-10.259824,-15.440018,1
1.5823134,11.94638,0
-7.775418,-13.993302,1
-12.857833,-28.640171,1
-11.297206,-13.145351,1
-6.041984,41.95897,1
-5.107875,40.628986,1
24.550879,36.661297,1
-33.047993,11.3167515,1
-24.659904,-15.375937,1
-8.282264,-45.506718,1
-16.998415,14.359924,1
-5.039743,41.214993,1
20.836021,-0.6553839,1
-22.108318,-12.487962,1
-6.0234118,-44.83212,1
6.2558093,-24.21176,1
-32.344875,12.52296,1
-4.5881605,10.586988,1
-6.152718,41.434944,1
-5.107875,40.628986,1
-6.0879183,-45.723366,1
6.30838,-20.90089,1
-5.299486,41.764862,1
-5.372098,-45.293858,1
29.457163,2.8477163,1
-31.420156,11.047958,1
-13.075397,12.709427,1
-23.89106,-33.21417,1
-33.040936,11.789278,1
-6.041984,41.95897,1
56.01699,26.645782,1
-6.041984,41.95897,1
22.401327,36.88443,1
22.401327,36.88443,1
39.707726,-22.191807,1
-13.895142,-28.967773,1
-5.872617,41.030773,1
-8.768146,14.81009,1
23.142681,34.90493,1
-5.872617,41.030773,1
-19.406637,-11.612776,1
-5.872617,41.030773,1
24.140596,3.141735,1
40.53931,-22.571285,1
-1.9105908,-17.848595,1
16.69206,3.572717,1
3.7136633,-15.52493,1
40.89758,-12.139559,1
-24.381596,-13.620461,1
-29.864174,11.212427,1
-19.116278,-10.287563,0
21.788734,35.450832,1
40.6257,-20.932442,1
38.486305,-19.356443,1
16.743212,6.177818,1
-1.7762226,-18.253311,1
34.19795,-10.269252,1
-5.5762267,40.198902,1
23.25017,35.820004,1
-9.110543,17.412554,1
29.39183,2.1738281,1
5.590316,24.335669,1
-4.6957917,19.10286,1
56.01699,26.645782,1
-5.053748,10.011705,1
-6.1873264,23.09808,1
-6.2103176,23.61588,0
-19.00761,-9.485203,1
5.0631447,23.92772,1
-17.86613,-34.90912,1
6.8197308,-6.592366,1
-26.863417,14.824035,1
-30.959501,12.230456,1
3.589931,-12.653865,1
-4.509225,-44.8187,1
-27.483253,20.05823,1
6.9606423,-16.929846,1
-17.803888,-35.422832,1
40.738426,-20.334253,1
-5.050302,-45.243946,1
22.562223,32.939323,1
5.66376,-10.638644,1
-27.505222,19.355463,1
-27.70408,19.669727,1
39.72105,-24.373405,1
-27.417152,14.52695,1
-20.241302,-31.696598,0
5.5689626,23.073957,1
-27.027697,19.935808,0
-22.245195,-35.072796,1
6.604296,-12.764296,1
-17.182453,-33.843758,0
49.002106,-6.879305,1
47.997013,-7.251878,0
2.1077724,-14.551347,1
20.619867,5.307789,1
-16.699844,13.726233,1
-31.609842,12.676663,1
22.041342,0.38384816,1
-12.346691,-19.338713,1
-32.70523,12.167703,1
-28.08621,23.900078,1
5.421802,-15.964694,1
-12.894874,-28.595871,1
-20.129765,-23.325912,1
-22.393324,15.74915,1
7.039205,-24.088757,0
6.724253,-23.822206,0
-6.3396945,-45.199894,1
-6.3396945,-45.199894,1
-20.091406,15.768303,1
14.129022,-0.87404776,1
-21.900274,-33.683037,0
-5.0720625,2.843782,1
22.508993,32.464653,1
23.123095,3.0125878,1
-19.318302,-12.433236,1
46.467396,-7.3239803,1
-23.95943,-34.849293,1
17.300638,6.3058157,1
-10.272945,-24.477272,1
2.5810835,18.540783,1
7.211981,-10.691966,1
-22.659494,-14.627963,1
-0.971576,-17.06354,1
23.058832,4.736108,1
2.6098793,-18.944508,1
-23.692877,-13.762886,1
-15.66457,-29.52087,0
-8.864532,35.323387,1
14.122543,-0.8650052,1
-4.5540094,19.070274,1
-0.10704477,9.757695,0
56.01699,26.645782,1
6.3693733,-22.228977,1
-31.50481,11.429959,1
38.910286,-24.7128,0
48.081997,-8.006269,1
-31.991283,11.6815605,1
-31.616468,11.8087225,1
-16.693777,-32.41634,1
-10.574687,11.625951,1
-12.327529,-18.775194,1
42.12539,-6.18963,1
-4.3389845,-46.144848,1
-16.165995,14.012117,1
-21.229147,-24.243893,0
-9.743313,14.906586,1
-22.360569,-33.775536,1
-5.577206,10.971258,1
23.510868,36.50783,1
56.01699,26.645782,1
1.5072572,-13.344417,0
40.00956,-25.189018,1
13.449736,6.7736645,1
22.758797,35.375454,1
22.401327,36.88443,1
-10.508011,11.805812,1
22.401327,36.88443,1
-18.953997,-22.199593,1
29.457163,2.8477163,1
35.329636,-22.66311,1
40.285503,-24.602385,1
2.6526942,18.177023,1
0.17938115,-16.063566,1
-10.117056,7.9756665,1
22.401327,36.88443,1
-10.447585,11.888519,1
6.3940415,-24.902203,1
4.6108665,24.101515,1
-5.9085693,-46.02606,1
56.01699,26.645782,1
-7.031698,40.351517,1
56.01699,26.645782,1
-7.490726,28.298174,1
-25.08848,21.61639,1
-10.076509,8.150101,1
5.911595,-20.07837,1
-23.370525,-31.850126,1
-7.9440594,-13.439673,1
23.737734,36.840496,1
-5.4867253,19.730402,1
21.039717,-0.42447382,1
-3.5466874,10.211453,1
-7.159823,-46.032047,0
38.484375,-19.355392,1
55.615036,25.667652,1
5.6630654,-19.010958,1
-6.67639,14.807216,1
4.538613,23.164831,1
-22.511929,-12.9626875,1
-16.522287,-5.786338,1
23.25017,35.820004,1
55.504158,26.262104,1
22.304174,35.58614,1
2.313935,-19.21953,1
5.6649876,-21.092287,1
-8.782224,34.629414,1
14.944703,1.3923564,1
-7.031698,40.351517,1
-6.278787,23.723871,1
-7.325454,-14.177241,1
11.806842,7.3655863,1
-4.9090843,3.8808823,1
56.01699,26.645782,1
-7.9604993,39.87189,1
17.387707,4.151814,1
-8.38714,41.526554,1
-7.455307,41.19913,1
35.302002,-23.307709,1
-6.9739738,40.629704,1
-2.182663,-18.26347,1
12.72869,6.7904243,1
56.01699,26.645782,1
29.457163,2.8477163,0
-0.4835626,8.9419365,1
40.186512,-12.600614,1
17.321163,7.7985144,1
54.683838,25.666168,1
-7.7253494,14.377132,1
-5.2126627,29.851229,1
40.188812,-12.599608,1
17.316624,3.9222407,1
16.520203,7.0142703,1
-8.755503,35.56838,0
-10.794257,-14.185493,1
12.707537,6.827014,1
24.088802,2.4122853,1
23.737734,36.840496,1
-2.2175703,2.5773835,1
-2.4776044,-17.963896,1
56.01699,26.645782,1
5.8651223,-8.238556,1
-8.686644,-41.19705,1
-0.6344599,1.6392512,1
42.587143,-6.989767,1
-26.663599,19.744534,1
-16.711988,-33.760532,1
-5.5893626,4.8095193,1
-4.4894114,5.280457,1
6.6126304,-10.639503,1
-28.52138,24.261105,1
-31.224384,12.475094,1
-15.967385,-32.593693,1
2.0092053,-12.967141,1
-11.919657,30.14153,1
-10.416454,7.882475,1
5.311055,24.526037,0
48.194542,-6.6860495,0
35.329636,-22.66311,0
-8.543533,-16.742376,1
-31.5905,12.462232,1
-5.7445016,10.821547,1
-12.168867,-28.02707,1
6.2123733,-19.607203,1
6.864272,-23.814018,1
-24.670345,-14.00101,0
-18.543997,12.66571,0
-20.549133,-32.21002,0
5.1445937,-15.350605,1
-8.136083,-26.898466,1
-15.624886,-30.386827,0
-5.2644143,-46.3953,0
-25.14331,20.33382,0
-8.137563,-26.916983,0
39.03249,-25.136995,0
6.370647,-24.212025,1
-27.711357,24.55455,1
-24.199974,20.130745,1
-16.893349,-30.918926,0
-9.97214,-12.469916,1
1.1471267,18.004976,0
-5.2472224,-11.340052,0
-28.06314,22.843122,1
-16.691828,-11.507241,1
-21.637249,-33.763596,1
-14.193708,-29.251686,0
40.76397,-22.675262,0
-4.40659,18.485336,1
47.59952,-8.6240425,0
56.01699,26.645782,1
40.00956,-25.189018,1
-29.73406,11.41291,0
-10.335241,19.942806,0
23.400543,3.5835595,1
-10.305015,-13.26653,1
24.787878,2.137268,1
-24.20735,-15.15388,1
-5.319206,29.095755,1
-9.100872,31.165548,1
4.0158086,21.958317,1
-21.384752,-24.35449,1
40.186512,-12.600614,1
-11.157419,-14.9741535,1
-16.926378,-13.058494,1
20.509588,0.41931096,1
-18.979023,-12.221976,0
-8.354715,-11.939233,1
-8.652044,40.152557,1
-8.247764,14.826719,0
3.8914666,20.121895,1
17.97159,8.012524,0
6.1174088,-20.486568,1
47.188095,-7.8599095,1
23.737734,36.840496,1
-8.8017845,13.6442995,0
-25.134014,-14.151623,1
-2.051286,-17.630825,1
56.01699,26.645782,1
15.706963,5.535342,1
-4.180866,10.998392,1
-9.137256,36.069843,1
-9.3741665,8.54831,1
-2.0522687,-17.63093,1
56.01699,26.645782,1
-7.288741,40.134167,1
-5.033333,30.765919,0
22.690474,2.962288,1
41.147236,-20.700264,1
-18.776203,-9.059402,1
-11.056993,-14.829609,1
-9.30642,36.62965,1
-8.441234,39.91851,0
23.150797,0.08513484,0
-12.686227,-26.030743,1
38.484375,-19.355392,1
-5.825152,40.462143,1
-11.098793,-17.962746,1
44.332596,-7.437758,0
-2.4008286,3.6824505,1
-25.733597,19.57187,1
6.3620915,-23.532053,1
-10.267258,-17.79467,1
-9.001881,-13.375981,1
5.1475515,-15.237359,1
-12.267819,31.468603,1
18.153816,2.1953657,0
20.185532,5.570064,1
-8.901028,36.416,1
3.3830464,-16.082996,1
-4.1156907,2.7486548,1
-5.8710647,40.151234,1
5.6009126,-17.119154,1
23.328106,0.76361966,1
54.683838,25.666168,0
-27.44757,23.863373,1
-8.594608,-40.861362,1
-5.509765,10.909551,1
-5.4838037,39.039,1
-16.154747,-32.791195,1
-10.3342,7.920815,1
-7.065658,-44.446693,1
-27.638437,14.33507,0
-17.617,-34.416145,1
-0.19774713,-17.651161,1
-14.572925,-29.49923,0
4.3940997,22.2938,1
-9.851113,17.841421,1
-5.949669,-11.64936,1
-23.593563,-34.362015,1
-17.065477,-8.712556,1
-7.0765643,28.839958,1
-8.604145,7.6188593,1
-31.841825,10.407125,1
-27.56293,22.669857,1
-5.3325,-46.71846,1
-13.113195,-17.879192,0
-15.477318,13.638013,1
-21.619307,-32.50486,1
-5.7269197,-44.454674,1
22.401327,36.88443,1
4.486878,-11.077241,1
2.9358172,-19.13492,1
-13.17879,-17.979004,0
2.9942296,-14.692696,1
-8.91063,-16.791859,1
-32.304123,10.297826,0
-11.084584,28.326475,1
-12.739544,-27.530434,1
4.9292016,-11.531188,1
6.5634212,-24.168074,1
-9.3892765,-15.795894,1
-25.841078,19.760096,1
4.669861,24.072966,1
56.01699,26.645782,1
-9.525695,-13.444528,0
15.664359,4.7077727,1
-4.735697,31.745663,1
47.997013,-7.251878,1
-6.8886695,31.7822,1
-23.00224,-34.259007,1
2.631306,11.608397,1
7.2559586,-11.093188,1
-14.467991,13.428117,1
-21.207062,-12.447656,1
-9.570676,36.686462,0
-5.9783716,5.8195767,1
-26.762657,25.06034,0
24.735537,1.2401253,0
22.401327,36.88443,1
-4.4364705,30.858284,1
-9.777344,-13.298872,1
-7.214584,-10.328937,0
2.0709038,12.634993,0
4.0056696,22.111298,1
42.80872,-10.941722,1
-20.388474,-13.141083,1
6.032161,-23.682634,0
42.841805,-10.89159,0
-23.476583,-15.341746,0
-5.819848,28.989664,1
13.945743,7.015651,0
-7.805122,-11.696469,1
3.9769359,19.574188,1
-7.634927,41.491207,1
47.55798,-7.3440576,1
4.2027593,20.397936,0
-7.486954,40.597572,1
4.360171,19.837204,0
-23.713163,-32.10958,0
15.643646,5.0763655,0
-20.207447,-10.456401,1
23.742361,2.7322412,1
-8.108758,14.759948,1
17.958372,8.693358,0
-9.516518,-12.098986,1
-20.02614,-11.824375,1
-6.7611995,31.905191,0
54.683838,25.666168,1
54.683838,25.666168,1
14.343186,3.2014747,1
-24.447802,14.662362,1
-7.835028,40.753067,1
39.986332,-20.526125,1
-0.5129936,-16.716013,1
49.162556,-7.857166,0
40.6257,-20.932442,1
42.125366,-7.438579,1
-27.63753,14.771511,0
21.291912,4.061464,1
45.351738,-7.3962913,1
-20.924913,-24.084545,0
-22.239548,-34.362934,0
4.539624,23.547865,1
20.333906,-1.1520774,1
35.329636,-22.66311,1
47.047028,-6.4975443,0
47.047028,-6.4975443,1
19.685823,7.955669,0
-32.86463,10.656469,1
-17.6857,-8.8587885,0
-12.458795,-18.248863,1
-4.531776,30.609293,0
-14.265188,-28.335182,0
18.643587,6.902729,1
-5.1027784,2.767125,1
4.3570857,20.032373,1
-31.455507,10.671709,1
17.581987,8.420439,1
49.002106,-6.879305,1
36.81528,-11.874546,1
-4.0386715,9.8315,1
18.126675,7.374706,1
37.1306,-11.693078,1
-13.076991,-17.916828,0
14.67974,5.7588806,1
-19.85726,16.23835,0
-7.488105,-44.95433,1
-16.889225,-8.105593,1
3.966518,19.815405,0
-4.332351,18.195126,0
4.3984094,19.952408,1
17.552654,2.2442985,0
36.81528,-11.874546,1
37.171173,-11.812827,1
2.4743428,11.598847,0
36.906788,-11.6308155,0
18.186552,5.888629,1
29.457163,2.8477163,1
3.9352872,19.882992,0
41.990726,-7.374469,1
-8.516149,41.07245,1
-4.215042,18.007645,1
-7.6193557,-23.475142,0
34.190517,-10.264131,1
-6.2644835,23.11086,0
-7.26064,23.853458,1
29.987196,2.4428453,1
-17.199106,-34.330467,1
-3.6649406,14.471685,1
-13.665641,13.8548975,0
-4.307961,20.011251,1
-4.355985,6.4039173,0
-3.4688606,16.217838,1
-18.790388,-9.090872,1
-17.203592,-8.193051,0
-7.98067,-41.809036,1
56.01699,26.645782,0
2.8928647,-15.333611,1
24.115623,35.578884,1
-27.901627,25.084705,1
-16.89312,13.854536,1
5.7742753,-19.588224,1
-19.75673,15.783117,1
-4.5656185,32.14369,1
-7.12351,23.244595,0
-5.863291,30.200636,0
-6.3557625,23.924639,1
-13.126191,32.739513,1
54.683838,25.666168,1
55.115707,27.13706,1
46.89729,-8.120536,1
34.189003,-10.26349,1
6.3791285,-7.921057,1
6.5502505,-19.658636,0
-7.9487047,-42.08094,1
-23.893389,-13.971831,0
-14.450113,-27.906301,1
-32.60431,11.0077505,1
-13.109501,32.525124,1
-28.123499,24.560701,1
-27.584715,23.401342,1
-21.398726,-33.785988,1
-18.482819,-35.26783,0
-25.047888,20.486183,1
-14.376109,-29.384169,0
-4.445047,30.789637,1
56.01699,26.645782,1
-6.926583,22.487371,0
-21.50113,-24.44337,0
-4.1929708,3.6907825,0
13.848325,7.2600884,0
-22.305473,-33.78199,0
-12.288356,-18.635014,1
56.01699,26.645782,0
-8.335059,-26.901115,1
-10.170526,-17.420776,1
-19.95946,-32.92513,0
-5.209878,41.50226,1
-28.250006,25.371443,1
40.32123,-22.547276,1
23.74916,0.15055636,1
-10.162231,7.825407,0
-16.361734,13.428917,0
-8.134339,34.3342,0
-18.685541,12.69574,1
22.556469,3.2216191,0
56.01699,26.645782,1
18.166977,7.983086,0
-10.293059,19.004622,0
40.53931,-22.571285,1
2.5026932,18.307175,0
47.782288,-5.9850774,1
13.117574,2.4391463,0
-4.2513943,-45.27118,1
-10.521843,-12.453984,1
-19.014305,-13.150057,1
-5.983964,20.524431,0
-19.710567,-16.581718,1
-10.183401,-24.697996,1
-5.3982744,-11.397984,1
-8.118071,-40.81199,1
-11.421404,29.959625,1
-25.691877,18.991413,1
-16.109455,-32.022774,1
-25.88185,19.354763,1
5.5805883,-16.182615,0
-23.131758,-35.10555,0
-18.817541,-32.46727,1
-4.1261425,3.738137,1
-10.343349,19.91015,1
-12.905842,-28.63696,1
14.110318,-0.8622188,0
1.6455078,11.927845,1
-16.792513,-8.558266,0
-20.10696,-33.21234,1
56.01699,26.645782,0
-27.715078,24.520046,1
6.6310577,-20.341314,1
41.93933,-6.613282,1
6.8119464,-23.144045,1
-32.08927,10.858745,1
-22.965946,14.770235,1
-9.820084,-24.477144,1
-16.111874,-32.57934,0
-10.622797,-23.75884,1
46.47481,-7.6406493,1
39.96405,-24.3601,1
48.37183,-6.1323276,1
6.1352286,-23.222233,1
-10.381947,19.704134,1
5.9084954,-9.58145,1
-23.709799,-14.971058,1
-26.577087,24.741762,0
-29.915348,11.860637,1
38.41595,-19.295258,1
46.420647,-6.977227,0
42.587143,-6.989767,1
-27.493021,24.192635,1
23.510868,36.50783,1
7.327806,-15.871128,1
-14.579664,12.958279,1
-9.455129,30.23243,1
-19.466936,-16.599783,1
38.369602,-23.01302,1
-15.948849,-33.438942,1
-8.69254,-41.39956,0
-10.654765,-24.850128,1
-11.437092,13.968506,1
-8.768741,-40.81502,1
5.674285,-8.974164,1
42.587143,-6.989767,1
-3.0807319,13.971678,0
38.369602,-23.01302,0
19.207771,4.4489803,1
16.497574,1.8417053,0
7.3614154,-5.8078933,1
1.7382271,-11.809519,1
-10.724146,-25.098677,1
-14.7799835,-30.18604,0
-15.563468,11.943106,1
-22.57251,-34.642376,1
6.6085467,-10.19506,0
7.3043175,-15.729302,1
6.4790063,-22.81803,1
0.4284939,9.111049,1
-4.673173,-46.039692,1
-4.6237383,10.655944,0
-5.742279,5.666071,1
-27.694208,14.255947,0
-26.493319,14.761917,0
29.39183,2.1738281,0
20.138018,1.7364427,0
-21.34958,-31.887335,0
40.173096,-20.555223,0
1.6488339,12.759078,1
-12.076668,-18.55289,1
22.56978,35.780296,0
-19.459028,15.757196,0
-5.0262547,10.456125,0
-17.426495,-34.288994,0
-0.7067305,-16.677534,1
17.059181,8.154664,1
-19.034458,-31.744194,0
4.9423456,24.487059,1
-11.865384,-18.287746,0
-8.723444,33.83222,0
-25.616636,20.684055,1
-9.024796,-15.440511,0
47.997013,-7.251878,1
-20.41379,15.976805,0
-19.738087,-31.907528,0
-11.178989,-13.124982,1
-23.28347,-34.840755,0
-0.32267043,10.508996,1
-9.507864,36.37385,1
-23.65094,-31.9988,0
-11.688597,29.227999,1
12.673414,2.671153,1
1.6630453,-11.730744,1
-19.808064,-23.864393,1
-7.9675,-41.31935,1
-7.3026285,-23.279882,1
-10.570194,-23.785501,0
2.5874474,10.6303005,0
-11.674611,28.77254,0
-7.255052,23.799034,0
-7.057931,-12.204596,0
5.533483,-20.220358,0
44.378273,-7.439377,0
2.5885394,9.564623,0
-9.700632,-15.277424,0
40.288383,-24.603636,0
-4.6870623,5.2414427,1
1.4065006,11.826424,0
23.10051,36.00154,1
-4.910433,-44.556335,1
-9.293658,-15.196465,0
-5.8942447,19.437393,0
-20.047523,-31.396679,0
-11.681032,-27.073963,1
-8.513939,7.5930805,0
5.420782,-15.832389,0
-17.839058,-7.9349155,0
-18.511818,-12.007598,0
-32.177345,11.970702,1
-15.227931,13.338797,0
16.641317,8.53685,1
-9.309769,18.897497,0
-17.371761,-9.622436,0
-17.270185,-11.339296,1
-7.9132123,27.735826,1
-9.1636305,21.185099,0
-9.167706,21.174288,0
-25.407862,14.5831785,1
5.301367,-24.187414,0
-19.129045,-31.664646,0
-19.691183,-16.582842,1
-8.140182,-26.912455,1
-10.810658,11.593659,1
-18.26906,-11.851721,1
48.570312,-8.425961,1
6.262762,-20.232521,0
-9.48294,7.260831,1
-3.8824937,17.06921,0
-21.138525,-24.03932,1
-7.309776,-45.524117,0
-20.023462,-22.923046,1
48.37183,-6.1323276,1
-23.476583,-15.341746,0
-5.7125525,14.271385,0
-27.136742,25.391827,0
-15.287657,13.093864,1
-23.876806,-35.33382,1
-7.077851,40.85708,1
-8.386486,-26.855476,0
56.01699,26.645782,1
-7.964554,41.71451,0
-9.669381,8.021493,1
-10.292897,-12.046004,1
-24.081041,14.663605,0
22.401327,36.88443,1
-5.6416507,30.453863,1
20.106287,-0.99865526,0
21.122292,3.9116943,1
-5.933693,30.23628,1
-0.50148433,-16.688015,0
-5.107136,30.998188,0
-4.765719,10.449609,0
-6.2474966,22.173994,1
-4.688435,32.101467,1
-17.632553,-11.657729,0
36.981014,-11.620376,1
-23.694637,-15.534832,0
36.96505,-12.016342,1
42.7293,-10.96917,1
37.07062,-11.991787,1
4.470075,22.595144,1
6.1277304,-18.141043,1
39.066715,-21.924343,1
-9.134412,28.58418,1
-24.645056,18.665588,0
-0.1460696,9.753995,1
-4.2459803,-45.84545,1
-19.770706,-23.067144,0
-22.738216,-35.68515,1
-17.062094,-11.444551,0
-20.736916,-33.441708,1
-12.208084,31.32019,0
-16.771568,-11.701312,0
-7.790949,-45.274685,1
-16.06472,13.432388,1
-5.6946535,-45.60572,0
-6.8880973,31.782711,1
40.42277,-22.527454,1
56.01699,26.645782,1
35.302002,-23.307709,1
-2.9229856,14.608926,0
-0.6237201,-16.86155,1
-8.829536,37.130745,1
-6.513568,-11.299225,1
-31.148443,11.51117,0
-8.507183,34.42643,1
-11.263584,28.594803,0
-21.048063,-33.522564,1
19.324318,2.679151,0
-28.787853,13.189443,1
48.668156,-7.6100554,1
-17.584654,-31.092173,0
29.457163,2.8477163,1
25.883204,1.7770605,0
-10.5758915,30.552874,1
5.9606924,23.813097,0
6.805955,-12.9724455,0
15.690475,7.626401,1
19.245382,3.0370214,1
-3.4440517,16.190954,1
1.7999656,18.53166,0
29.39183,2.1738281,0
24.848032,2.8041146,1
-24.673738,-13.479819,1
-19.877308,-12.71255,1
16.594257,4.3923736,1
24.922754,2.3562043,1
25.52655,2.0112708,0
14.0069065,7.087517,1
-2.0335655,-18.325788,0
-10.858032,-14.218177,0
-19.997568,-10.133542,1
-17.458452,-12.491175,1
-9.289711,29.82207,1
21.868704,1.0820671,1
15.117915,1.9785105,1
-21.2219,15.543795,1
2.6999037,-19.092247,1
-6.2128987,21.588053,0
-21.517254,-34.306362,1
-18.462107,-12.921622,1
-3.0518851,15.136364,1
-27.560722,22.444706,1
-8.139302,40.66169,0
56.01699,26.645782,0
2.6917489,-19.112722,1
29.457163,2.8477163,1
22.491362,4.8083415,1
56.01699,26.645782,1
-9.777088,15.533341,1
-8.773267,-13.337605,1
-9.607907,8.507777,1
35.329636,-22.66311,1
-21.558249,-32.59319,1
20.33077,-1.1548101,0
-8.150214,30.005987,1
-4.53558,32.38172,1
34.20481,-10.273999,1
19.10877,4.695074,0
-5.9229584,19.562841,0
5.396748,-11.425507,0
-7.910453,-41.969833,1
-21.701157,-12.145716,1
47.094025,-8.47848,1
-8.788367,34.390705,1
20.32314,-0.9987612,1
42.506718,-6.1248713,1
-7.499283,-12.856993,0
7.136596,-10.582376,1
42.506718,-6.1248713,1
6.8047037,-24.453032,1
-6.1598907,31.907192,0
35.329636,-22.66311,1
-3.6452675,3.813945,0
-2.108565,2.513375,1
16.436697,8.624473,0
56.01699,26.645782,0
-13.859324,13.651874,0
-5.072798,2.7214806,1
-5.3439946,-44.560387,1
22.401327,36.88443,1
2.681784,-19.678299,0
-23.474857,-14.879313,1
-13.35296,-30.768326,0
-19.57723,-16.578173,0
2.7628388,10.948265,0
-14.79433,11.670247,1
22.401327,36.88443,1
-3.655514,2.7549438,1
-1.3902551,-17.809229,1
20.970438,-0.3932084,0
47.36194,-5.866545,1
22.401327,36.88443,1
34.202076,-10.276396,1
15.335931,4.6926374,0
22.43944,3.6232824,0
13.387814,2.2245834,1
-5.4687104,5.9354963,0
-10.432018,-17.61129,1
42.871998,-6.8651495,1
-12.978392,-29.694166,1
48.06462,-8.602525,1
3.7258039,22.547821,1
-28.618044,24.83531,1
42.82067,-6.3468175,1
-10.348801,-17.555405,1
-26.391195,18.83262,1
47.795002,-6.58887,1
-19.692648,-22.288952,1
5.209828,23.140219,1
-9.323965,18.70667,1
42.547356,-11.015472,1
42.547356,-11.015472,1
4.963721,23.460367,1
-30.866144,11.904869,1
-9.06907,36.23006,1
54.683838,25.666168,1
19.685076,3.027734,1
-8.303656,29.566978,1
5.809938,24.085186,1
23.732075,0.35937023,1
-4.8143816,14.094973,0
34.205975,-10.274751,1
19.95966,5.778966,1
6.810456,-16.799175,1
-27.124296,14.607811,1
-16.470058,-33.19692,1
39.51697,-24.836363,1
5.578116,23.077173,0
-5.999853,4.897065,1
18.577925,2.2247214,0
4.733665,-9.679993,0
-26.076565,18.912739,0
-12.139348,30.541422,1
22.545176,0.6546258,1
24.336353,1.3049284,1
5.344977,-6.8102155,1
-4.9526963,-10.541481,1
35.329636,-22.66311,1
-17.336565,-34.984768,1
7.1894007,-15.952003,1
39.19997,-24.336859,1
39.86694,-22.229492,1
-8.944071,-40.531387,1
-18.835276,-12.111055,1
20.224026,7.7428017,1
-13.61677,13.377854,0
6.665923,-12.98707,1
22.558361,32.92595,0
20.178225,2.566011,0
6.002659,-19.131378,0
-21.724838,-24.579527,0
-4.5486493,18.967728,1
-4.007343,9.877236,0
22.534895,4.549223,1
-27.898354,14.471218,0
4.5961027,-10.801908,1
-5.049701,-45.924698,1
-28.590382,25.272562,0
-5.7331476,21.212107,1
24.115623,35.578884,1
-9.36549,35.762184,1
-3.877798,2.8571625,1
-30.215971,12.529895,0
23.287767,1.222554,1
-25.12638,-14.17107,1
-25.232185,-13.9071,0
-25.10895,-13.588421,0
22.401327,36.88443,1
1.5305867,-13.203633,1
47.456734,-7.281869,1
-12.18121,31.185188,1
-8.488051,-45.475933,1
-13.2648735,13.466203,1
-21.87291,-14.122606,1
-14.455693,11.824025,0
-13.451074,13.053815,1
-13.168362,-27.353289,1
-19.84987,-23.608755,1
-12.678855,-26.99031,1
-14.807171,11.692668,0
-16.973938,-6.987485,0
-16.347198,-30.681877,0
16.212023,1.8118508,0
-12.858091,-9.657801,0
2.418805,11.336642,0
-18.865778,12.922503,0
5.6592865,23.549105,0
13.753428,6.7310753,1
-27.05937,22.413225,0
17.636993,4.118503,1
-26.067568,22.650764,1
1.2188218,18.143261,0
-22.880537,-34.7471,0
20.876823,3.6564043,0
39.222385,-22.03291,1
29.457163,2.8477163,0
39.609646,-24.25655,1
-19.840065,-11.578751,1
19.55779,2.4053252,0
-10.461985,-13.531205,0
-8.041311,14.48704,1
-32.4759,11.498229,1
5.390327,-6.731948,1
-6.3303356,23.85139,1
-3.7207859,10.072992,0
-5.9842153,20.52383,1
-0.56323785,1.5968311,1
-26.892397,19.700045,1
-12.572833,-27.413776,0
-26.753399,23.824656,0
15.224929,5.9303713,1
-18.85128,12.608123,1
47.118244,-7.300646,0
-9.289765,29.822315,1
18.014065,5.845448,1
-11.880578,32.61232,0
-6.4049273,-11.195156,0
40.00956,-25.189018,0
-8.5109,40.981567,0
-29.449793,11.724253,0
4.5393815,22.2086,1
6.7103376,-8.8810625,1
13.537952,7.2637978,1
-10.267343,19.639252,0
-23.682016,-35.620544,1
-0.1277719,9.838891,0
-20.76316,-34.090847,0
24.115623,35.578884,1
41.06409,-20.930996,0
-24.246857,-15.209899,1
-7.4016447,41.180504,1
-31.105703,11.800383,1
-28.373245,24.452347,0
-10.79068,11.607578,1
-19.421375,-10.40344,0
-18.997944,-13.249937,0
-23.721655,-13.78852,0
47.664165,-8.049923,1
-22.990028,14.728437,1
-10.446794,30.90171,1
-24.60533,-15.344295,1
35.329636,-22.66311,1
-8.484961,-13.436896,1
-18.676239,-10.186722,1
56.01699,26.645782,1
-0.76337844,8.653534,1
-24.65567,-13.411621,1
4.252074,-7.7816854,1
42.547356,-11.015472,1
-7.3656077,-41.89663,0
-3.8789294,17.063047,0
-25.792227,18.776636,1
5.6446934,-18.077162,0
-4.7134304,-46.63412,1
-3.8541398,17.805655,0
-3.8666992,18.124626,1
-5.3135633,-44.901993,1
4.708036,-11.010989,1
-7.425853,-23.342203,1
-30.589945,10.718348,1
35.329636,-22.66311,1
-23.810886,-32.13127,1
56.01699,26.645782,1
-8.021346,-26.840744,1
-8.08225,-26.801243,0
-7.052196,7.0253696,0
-16.097776,-11.358248,1
22.401327,36.88443,0
-25.353575,22.199814,1
-3.760849,16.833584,0
-7.9432373,33.79794,0
-12.979687,-30.769419,1
12.088921,2.6423247,0
20.504614,5.3060083,0
-18.663605,12.660166,0
6.19887,-21.946428,1
-6.9423604,23.111404,1
-8.713629,33.840416,1
-2.393727,11.184115,1
-5.6016808,11.047157,0
21.612705,2.875564,0
-19.9389,15.999235,0
39.358368,-25.33078,1
-5.481879,-46.033955,0
15.664359,4.7077727,0
16.895645,7.7598825,0
39.358368,-25.33078,0
48.545204,-7.8703327,0
49.002106,-6.879305,0
6.9450364,-9.499963,1
-26.034672,23.235373,1
7.06477,-6.2702265,1
-20.301018,-32.146385,1
6.8627467,-16.618435,1
-9.658668,18.22809,0
5.029367,-11.579483,1
-1.7127138,-18.213848,0
-25.077219,21.737501,0
17.17993,8.693974,0
-5.7258964,4.786945,1
4.6404767,-10.812106,0
24.115623,35.578884,1
-8.502327,7.4568496,1
22.401327,36.88443,1
-16.734358,-11.889703,1
17.12539,5.692824,1
29.987196,2.4428453,0
19.279615,4.429226,0
5.8020725,-7.787663,1
23.831686,37.59037,0
-4.5919394,-45.12773,1
-6.588165,7.3737764,1
24.226326,2.4661748,1
-31.979116,11.288088,0
5.325975,23.820053,0
-11.495113,30.465965,0
38.910286,-24.7128,0
40.21648,-20.653316,1
-7.1249156,-13.495412,0
24.054958,2.8401346,0
24.865925,2.6602945,0
2.605042,10.176259,0
-2.5803077,-18.043835,0
-6.308804,23.44449,1
-27.799477,23.94842,0
1.2243199,18.079992,0
-12.122293,-18.540508,1
-7.10546,28.968126,1
-4.1973076,9.231292,0
23.98178,1.8381557,1
-8.7495775,-12.715597,0
